City_ID,City,Cloudiness,Country,Date,Humidity,Lat,Lng,Max Temp,Wind Speed
0,Ladário,90,BR,1595626238,40,-19,-57.6,86,2.24
1,Ambulu,97,ID,1595626238,86,-8.35,113.61,68.77,3.06
2,Ushuaia,90,AR,1595626232,94,-54.8,-68.3,32,16.11
3,San Quintín,0,MX,1595626238,63,30.48,-115.95,70.61,11.41
4,Pevek,94,RU,1595626238,68,69.7,170.31,46.24,8.72
5,Hilo,90,US,1595626238,69,19.73,-155.09,82.4,12.75
6,Presidencia Roque Sáenz Peña,100,AR,1595626238,88,-26.79,-60.44,43.68,8.03
7,Jalu,0,LY,1595626037,49,29.03,21.55,79.59,16.49
8,Novikovo,9,RU,1595626238,79,51.15,37.89,55.69,1.92
9,Souillac,75,MU,1595626239,56,-20.52,57.52,68,16.11
10,Barra de Tecoanapa,1,MX,1595626239,64,16.52,-98.75,87.01,10.02
11,Betioky,0,MG,1595626239,60,-23.72,44.38,59.76,10.69
12,Waipawa,0,NZ,1595626239,81,-41.41,175.52,46.4,3.36
13,Atuona,28,PF,1595626032,79,-9.8,-139.03,79.16,20.45
14,Kruisfontein,0,ZA,1595626239,26,-34,24.73,62.64,9.48
15,Portland,90,US,1595626239,55,45.52,-122.68,69.01,6.93
16,Kapaa,20,US,1595626239,74,22.08,-159.32,82.4,11.41
17,Laguna,1,US,1595626239,37,38.42,-121.42,89.01,6.93
18,Tasiilaq,79,GL,1595626034,81,65.61,-37.64,42.8,9.17
19,Taltal,0,CL,1595626240,53,-25.4,-70.48,57.15,0.36
20,Albany,50,US,1595626240,39,42.6,-73.97,89.01,2.75
21,Lucea,20,JM,1595626240,70,18.45,-78.17,88,16.11
22,Rikitea,26,PF,1595626240,58,-23.12,-134.97,68.72,13.4
23,Avarua,79,CK,1595626044,61,-21.21,-159.78,77,5.82
24,Maceió,40,BR,1595626240,73,-9.67,-35.74,77,6.93
25,Oildale,1,US,1595626240,23,35.42,-119.02,96.01,8.05
26,Talnakh,0,RU,1595626036,81,69.49,88.4,48.2,6.71
27,Hermanus,0,ZA,1595626241,85,-34.42,19.23,50,2.37
28,Yar-Sale,5,RU,1595626241,86,66.83,70.83,50.92,8.46
29,Cherskiy,10,RU,1595626024,60,68.75,161.3,68.88,0.65
30,Carnarvon,0,AU,1595626241,81,-24.87,113.63,51.8,6.93
31,Hobyo,78,SO,1595626241,75,5.35,48.53,77.22,26.49
32,Vostok,50,RU,1595626241,94,46.49,135.88,61.11,1.52
33,Port Elizabeth,0,ZA,1595626241,66,-33.92,25.57,51.8,4.7
34,Natal,36,BR,1595626241,74,-5.79,-35.21,78.8,14.99
35,Busselton,87,AU,1595626241,77,-33.65,115.33,45,14.74
36,Trairi,1,BR,1595626241,77,-3.28,-39.27,77.68,11.63
37,Owando,43,CG,1595626242,72,-0.48,15.9,75.69,3.02
38,Lavrentiya,99,RU,1595626242,69,65.58,-171,48.42,5.14
39,Esperance,0,AU,1595626242,87,-33.87,121.9,44.6,11.41
40,Nikolskoye,20,RU,1595626242,81,59.7,30.79,54,6.71
41,Klyuchi,2,RU,1595626242,95,52.27,79.17,59.65,3.02
42,George Town,20,MY,1595626172,94,5.41,100.34,77,4.7
43,Hithadhoo,100,MV,1595626039,71,-0.6,73.08,81.77,3.65
44,Dubbo,90,AU,1595626104,93,-32.25,148.62,51.8,11.41
45,Bethel,1,US,1595626232,57,41.37,-73.41,82,2.55
46,Taketa,99,JP,1595626243,90,32.97,131.38,66.99,5.82
47,Keflavik,20,IS,1595626243,70,64,-22.56,48.2,21.92
48,Tiksi,20,RU,1595626052,65,71.69,128.87,62.82,8.23
49,Abay,40,KZ,1595626243,82,49.63,72.85,59,4.47
50,São Félix do Xingu,84,BR,1595626075,49,-6.64,-51.99,84.33,1.19
51,Coquimbo,0,CL,1595626243,67,-29.95,-71.34,57.2,12.75
52,Vanimo,92,PG,1595626243,79,-2.67,141.3,79.63,5.48
53,Punta Arenas,20,CL,1595626244,74,-53.15,-70.92,37.4,11.41
54,Hobart,100,AU,1595626203,86,-42.88,147.33,43,9.17
55,Faya,75,SA,1595626244,63,18.39,42.45,69.8,9.17
56,Mataura,95,NZ,1595626244,88,-46.19,168.86,44.83,5.7
57,Qaanaaq,0,GL,1595626244,52,77.48,-69.36,49.42,2.95
58,Doka,86,SD,1595626244,88,13.52,35.77,72.99,10.67
59,Tuktoyaktuk,75,CA,1595626244,67,69.45,-133.04,62.6,6.93
60,Vaini,75,TO,1595626244,94,-21.2,-175.2,73.4,9.17
61,Isangel,26,VU,1595626244,83,-19.55,169.27,75.2,9.17
62,Tessalit,89,ML,1595626244,32,20.2,1.01,91.54,18.28
63,Rome,1,US,1595626205,48,43.21,-75.46,84.99,6.93
64,Santa Helena de Goiás,49,BR,1595626245,30,-17.81,-50.6,73.92,2.73
65,Bereket,4,TM,1595626245,25,39.24,55.52,91.27,7.61
66,New Norfolk,100,AU,1595626245,83,-42.78,147.06,42.01,2.91
67,Idukki,100,IN,1595626245,90,9.85,76.97,68.56,2.08
68,Eenhana,0,NA,1595626245,41,-17.47,16.33,59,3.36
69,Yanam,100,IN,1595626245,87,16.73,82.22,78.62,1.81
70,Taunggyi,68,MM,1595626245,100,20.78,97.03,64.78,1.45
71,Ahipara,29,NZ,1595626246,63,-35.17,173.17,54.99,9.42
72,Dikson,88,RU,1595626246,97,73.51,80.55,42.67,11.99
73,Lewisporte,75,CA,1595626246,82,49.25,-55.05,68,3.36
74,Yellowknife,75,CA,1595626204,72,62.46,-114.35,59,6.93
75,Barrow,90,US,1595626054,80,71.29,-156.79,35.6,16.11
76,Dosso,91,NE,1595626246,66,13.05,3.19,80.58,9.48
77,Bintulu,20,MY,1595626246,94,3.17,113.03,75.2,3.36
78,Lagoa,0,PT,1595626091,76,39.05,-27.98,70.03,10.98
79,Morondava,0,MG,1595626246,53,-20.28,44.28,69.94,14.36
80,Mountain Home,1,US,1595626246,25,43.13,-115.69,86,8.25
81,Salalah,75,OM,1595626246,94,17.02,54.09,78.8,8.05
82,Bambous Virieux,75,MU,1595626246,56,-20.34,57.76,68,16.11
83,Huangpi,75,CN,1595626247,88,30.88,114.38,73.4,4.47
84,Matara,94,LK,1595626247,89,5.95,80.54,78.04,7.7
85,Ayabaca,77,PE,1595626247,76,-4.64,-79.71,60.69,5.41
86,Thompson,90,CA,1595626247,94,55.74,-97.86,69.8,4.7
87,Havre-St-Pierre,75,CA,1595626247,72,50.23,-63.6,66.2,19.46
88,Ibicaraí,40,BR,1595626247,73,-14.87,-39.59,77,10.29
89,Sorong,88,ID,1595626247,89,-0.88,131.25,77.58,11.77
90,Cape Town,0,ZA,1595626248,50,-33.93,18.42,57.2,2.24
91,Ponta do Sol,0,PT,1595626248,61,32.67,-17.1,71.01,3.94
92,Mar del Plata,75,AR,1595626041,75,-38,-57.56,44.01,20.8
93,Trincomalee,99,LK,1595626248,75,8.57,81.23,80.47,15.19
94,Port Alfred,0,ZA,1595626248,28,-33.59,26.89,67.82,8.93
95,Mersing,59,MY,1595626248,94,2.43,103.84,75.2,5.82
96,Sept-Îles,75,CA,1595626248,47,50.2,-66.38,77,12.75
97,Narsaq,97,GL,1595626056,71,60.92,-46.05,55.4,9.17
98,East London,0,ZA,1595626248,28,-33.02,27.91,64.42,5.55
99,Leeuwarden,90,NL,1595626041,87,53.2,5.81,61,4.7
100,Chimoio,75,MZ,1595626248,100,-19.12,33.48,57,4.79
101,Okhotsk,2,RU,1595626249,68,59.38,143.3,59.25,5.37
102,Botwood,75,CA,1595626249,82,49.15,-55.35,68,3.36
103,Upernavik,44,GL,1595626039,78,72.79,-56.15,46.62,3.38
104,Stornoway,100,GB,1595626249,88,58.21,-6.39,55.99,8.93
105,Butaritari,24,KI,1595626249,80,3.07,172.79,81.99,16.64
106,Oussouye,100,SN,1595626249,83,12.48,-16.55,82.4,9.17
107,Najrān,100,SA,1595626249,24,17.49,44.13,89.6,5.82
108,Ayan,3,RU,1595626249,73,56.45,138.17,54.81,1.12
109,Pyapon,56,MM,1595626249,86,16.28,95.68,80.02,5.37
110,Bredasdorp,0,ZA,1595626250,87,-34.53,20.04,48.2,6.93
111,Kisi,83,NG,1595626250,90,9.08,3.85,73.67,8.86
112,Tadine,81,NC,1595626250,80,-21.55,167.88,72.46,17.18
113,Beringovskiy,84,RU,1595626250,66,63.05,179.32,54.41,7.07
114,Nuuk,75,GL,1595626250,71,64.18,-51.72,55.4,4.7
115,Ergani,0,TR,1595626251,31,38.27,39.76,82.4,6.93
116,Pauini,72,BR,1595626251,54,-7.71,-66.98,85.62,0.83
117,Jamestown,75,US,1595626250,78,42.1,-79.24,79,8.05
118,Klaksvík,100,FO,1595626090,93,62.23,-6.59,51.8,5.82
119,Vangaindrano,42,MG,1595626251,81,-23.35,47.6,62.51,7.02
120,Fort Nelson,75,CA,1595626252,53,58.81,-122.7,71.6,9.17
121,Springfield,75,US,1595626200,52,37.22,-93.3,93,6.93
122,Taoudenni,0,ML,1595626252,8,22.68,-3.98,104.99,16.69
123,Mortka,64,RU,1595626252,76,59.33,66.02,51.49,3.8
124,Manzhouli,100,CN,1595626252,85,49.6,117.43,66.6,5.64
125,Shestakovo,0,RU,1595626253,83,56.49,103.96,48.94,2.51
126,Salinópolis,85,BR,1595626253,81,-0.61,-47.36,80.31,12.64
127,Bluff,100,NZ,1595626253,82,-46.6,168.33,50.27,16.4
128,Jales,0,BR,1595625960,32,-20.27,-50.55,74.89,5.84
129,Cravo Norte,93,CO,1595626254,90,6.3,-70.2,75.2,8.43
130,Verkhnyaya Inta,8,RU,1595626254,66,65.98,60.31,55.54,12.03
131,Naze,75,JP,1595626254,94,28.37,129.48,82.4,11.41
132,La Rioja,1,ES,1595625964,64,42.25,-2.5,68,5.82
133,Beloha,0,MG,1595626254,77,-25.17,45.05,59.29,11.21
134,Castro,0,BR,1595626081,71,-24.79,-50.01,61.72,5.35
135,Puerto Ayora,75,EC,1595626254,65,-0.74,-90.35,77,18.34
136,Ribeira Grande,40,PT,1595626254,73,38.52,-28.7,71.6,8.05
137,Tsnori,40,GE,1595626254,69,41.62,45.97,75.2,6.93
138,Lyskovo,6,RU,1595626255,96,56.03,45.04,61,4.29
139,Saint-Philippe,90,RE,1595626255,63,-21.36,55.77,66.2,11.41
140,Chokurdakh,8,RU,1595626056,58,70.63,147.92,71.1,6.96
141,Ende,63,ID,1595626255,76,-8.84,121.66,70.74,3.51
142,Charters Towers,0,AU,1595626255,86,-20.1,146.27,60.24,4.94
143,Hong Kong,100,HK,1595626050,79,22.29,114.16,84,8.99
144,Acapulco de Juárez,40,MX,1595626235,66,16.86,-99.89,87.8,8.05
145,Iquique,2,CL,1595626255,63,-20.22,-70.14,60.8,14.99
146,Nefteyugansk,94,RU,1595626255,81,61.1,72.6,51.8,6.71
147,Nome,90,US,1595626256,76,64.5,-165.41,54,4.7
148,Williston,96,US,1595626203,49,48.15,-103.62,87.01,4
149,Manaure,75,CO,1595626058,70,11.78,-72.44,87.8,13.87
150,Labuhan,100,ID,1595626256,81,-6.88,112.21,72.99,10.63
151,Mossamedes,0,AO,1595626256,85,-15.2,12.15,67.1,7.05
152,Tongliao,100,CN,1595626256,51,43.61,122.27,76.73,4.25
153,Codrington,21,AU,1595626256,87,-38.27,141.97,40.6,4.56
154,Auki,20,SB,1595626256,74,-8.77,160.7,83.35,7.23
155,Lebu,93,CL,1595626070,77,-37.62,-73.65,49.5,10.02
156,Khatanga,99,RU,1595626257,90,71.97,102.5,40.87,12.24
157,Areni,75,AM,1595626257,41,39.72,45.18,78.8,11.41
158,Pacific Grove,75,US,1595626158,68,36.62,-121.92,64.4,11.41
159,Xining,98,CN,1595626257,81,36.62,101.77,55.98,1.19
160,Caravelas,6,BR,1595626257,79,-17.71,-39.25,69.64,5.41
161,Manta,20,EC,1595626257,83,-0.95,-80.73,73.4,13.87
162,Shirokiy,53,RU,1595626091,95,49.76,129.52,63.12,9.78
163,Roald,20,NO,1595626257,81,62.58,6.13,51.8,13.87
164,Airai,56,TL,1595626134,81,-8.93,125.41,51.84,2.93
165,Arlit,61,NE,1595626257,44,18.74,7.39,87.98,14.65
166,Vuktyl,11,RU,1595626257,61,63.86,57.31,55.63,6.58
167,Bengkulu,95,ID,1595626258,89,-3.8,102.27,74.32,4.21
168,Lora del Río,0,ES,1595626258,38,37.66,-5.53,88,6.93
169,Lhokseumawe,99,ID,1595626068,85,5.18,97.15,76.53,5.19
170,Bosobolo,53,CD,1595626258,94,4.18,19.9,70.43,2.48
171,Natchitoches,90,US,1595626258,78,31.77,-93.13,82.4,3.36
172,Razdolinsk,0,RU,1595626258,97,58.42,94.67,46.38,0.81
173,Camacha,40,PT,1595626258,77,33.08,-16.33,69.8,11.41
174,Linhares,72,BR,1595626104,81,-19.39,-40.07,69.08,4.18
175,San Vicente,73,AR,1595626258,72,-26.62,-54.13,65.34,1.45
176,Gushikawa,40,JP,1595626258,88,26.35,127.87,82.4,5.82
177,Ribas do Rio Pardo,0,BR,1595626258,33,-20.44,-53.76,75.31,2.82
178,Alyangula,0,AU,1595626259,93,-13.85,136.42,62.6,3.36
179,Santa Marta,90,CO,1595626115,83,11.24,-74.2,84.2,2.24
180,Mokhsogollokh,99,RU,1595626069,79,61.47,128.92,66.74,2.71
181,San Matías,57,BO,1595626259,32,-16.37,-58.4,87.64,1.1
182,Tsiroanomandidy,0,MG,1595626259,63,-18.77,46.03,54.52,6.89
183,Yavatmal,99,IN,1595626259,86,20.4,78.13,77.11,5.3
184,Fairbanks,90,US,1595626201,63,64.84,-147.72,64.4,9.17
185,Stulovo,47,RU,1595626259,98,58.72,50.14,54.19,1.99
186,San Cristobal,40,VE,1595626047,46,7.77,-72.22,89.6,16.11
187,Shiringushi,12,RU,1595626259,84,53.85,42.77,52.32,2.89
188,Hammerfest,40,NO,1595626259,77,70.66,23.68,62.6,13.87
189,Saint Anthony,40,US,1595626042,52,45.02,-93.22,91.99,11.41
190,Vardø,10,NO,1595626260,87,70.37,31.11,60.8,19.46
191,Itarema,16,BR,1595626260,75,-2.92,-39.92,78.33,15.77
192,Dingle,100,PH,1595626260,86,11,122.67,76.6,1.59
193,Samoded,70,RU,1595626260,94,63.61,40.51,51.12,2.42
194,Beyneu,0,KZ,1595626260,42,45.32,55.2,76.86,7.76
195,Arraial do Cabo,0,BR,1595626260,73,-22.97,-42.03,75.2,13.87
196,Marystown,80,CA,1595626261,93,47.17,-55.15,62.15,3.06
197,Grindavik,20,IS,1595626261,70,63.84,-22.43,46.4,21.92
198,Esim,67,GH,1595626261,86,4.87,-2.24,75.56,9.46
199,Batagay-Alyta,27,RU,1595626035,48,67.8,130.41,69.76,2.84
200,Kungurtug,65,RU,1595626261,75,50.6,97.52,49.51,0.98
201,Alofi,75,NU,1595626261,78,-19.06,-169.92,77,17.22
202,Chara,9,RU,1595626261,74,56.91,118.26,60.69,2.04
203,Padang,99,ID,1595626034,79,-0.95,100.35,77.67,5.53
204,Concordia,75,AR,1595626262,93,-31.39,-58.02,46.4,1.14
205,Mionica,20,BA,1595626262,93,44.87,18.46,71.01,3.36
206,São Filipe,31,CV,1595626262,80,14.9,-24.5,77.05,3.96
207,Trofors,40,NO,1595626262,93,65.53,13.41,51.8,4.7
208,Teguise,20,ES,1595626262,78,29.06,-13.56,73.4,23.04
209,Te Anau,99,NZ,1595626262,86,-45.42,167.72,44.11,5.39
210,La Ciotat,6,FR,1595626262,66,43.17,5.6,73.99,1.99
211,Andilamena,76,MG,1595626262,88,-17.02,48.58,52.36,15.05
212,Shar,0,KZ,1595626263,69,49.59,81.05,68.29,10.58
213,Chui,100,UY,1595626263,90,-33.7,-53.46,47.98,6.44
214,Naviraí,0,BR,1595626110,43,-23.07,-54.19,76.77,5.55
215,Caluquembe,0,AO,1595626263,49,-13.78,14.68,50.52,1.48
216,Nyagan,59,RU,1595626263,78,62.14,65.39,49.59,3.85
217,Mercedes,0,AR,1595626263,64,-34.65,-59.43,50,1.99
218,Rawson,89,AR,1595626064,56,-43.3,-65.1,44.92,18.39
219,Oneida,1,US,1595626263,48,43.2,-75.47,84.99,6.93
220,Ilulissat,100,GL,1595626049,87,69.22,-51.1,48.2,3.36
221,Gravdal,100,NO,1595626264,87,68.12,13.5,53.6,3.36
222,Victor Harbor,10,AU,1595626264,92,-35.57,138.62,42.01,5.44
223,Yayva,32,RU,1595626264,61,59.33,57.26,53.01,3.53
224,Huilong,0,CN,1595626264,91,31.81,121.66,75,9.64
225,Umluj,2,SA,1595626264,56,25.02,37.27,85.84,8.32
226,Ixtapa,40,MX,1595626059,74,20.7,-105.2,86,12.75
227,San Patricio,75,MX,1595626264,74,19.22,-104.7,86,11.41
228,Kulebaki,24,RU,1595626264,93,55.41,42.53,51.08,2.8
229,Bathsheba,40,BB,1595626264,74,13.22,-59.52,84.2,19.46
230,Turinskaya Sloboda,5,RU,1595626265,85,57.62,64.39,53.15,3.56
231,Petropavlovsk-Kamchatskiy,90,RU,1595626265,100,53.05,158.65,53.6,2.24
232,Matagami,40,CA,1595626265,36,49.75,-77.63,80.6,5.82
233,Togur,49,RU,1595626265,90,58.36,82.83,52.63,3.02
234,Port Said,20,EG,1595626265,83,31.26,32.28,80.6,10.29
235,Hailar,79,CN,1595626265,78,49.2,119.7,69.73,6.02
236,Pangnirtung,90,CA,1595626265,81,66.15,-65.71,50,5.82
237,Ostrovnoy,25,RU,1595626265,90,68.05,39.51,58.28,9.48
238,Geraldton,0,AU,1595626265,70,-28.77,114.6,46.4,18.34
239,Saskylakh,100,RU,1595626266,88,71.92,114.08,45.34,9.13
240,Biak,30,ID,1595626266,81,-0.91,122.88,75.79,6.93
241,Tilichiki,0,RU,1595626266,55,60.47,166.1,62.62,4.36
242,Nouakchott,0,MR,1595626266,83,18.09,-15.98,82.4,14.99
243,Oodweyne,6,SO,1595626266,60,9.41,45.06,71.24,15.05
244,Jumla,70,NP,1595626266,71,29.27,82.18,61.11,0.89
245,Santa Cruz de la Sierra,75,BO,1595626234,82,-17.8,-63.17,59,4.7
246,Mīrābād,0,AF,1595626266,27,30.44,61.84,85.77,14.03
247,Severo-Kuril'sk,100,RU,1595626266,82,50.68,156.12,50.92,6.87
248,Camocim,37,BR,1595626266,71,-2.9,-40.84,79.57,15.43
249,Port Hawkesbury,1,CA,1595626266,77,45.62,-61.35,73,8.05
250,Govindgarh,63,IN,1595626266,57,27.5,76.98,87.93,6.49
251,Redding,1,US,1595626089,22,40.59,-122.39,102,3.36
252,Safi,0,MA,1595626267,82,32.3,-9.24,72.48,16.84
253,Broken Hill,40,AU,1595626267,71,-31.95,141.43,50,11.41
254,Marrakesh,0,MA,1595626065,38,31.63,-8.01,87.8,12.75
255,Buala,68,SB,1595626267,76,-8.14,159.59,83.84,10.92
256,Teya,71,RU,1595626267,91,60.38,92.63,48.18,3.18
257,Palu,90,ID,1595626267,81,-0.89,119.87,73.85,2.84
258,Katsuura,96,JP,1595626267,94,35.13,140.3,78.01,10.11
259,St. George's,20,GD,1595626249,79,12.06,-61.75,84.2,4.7
260,Dubai,0,AE,1595626203,71,25.26,55.3,93.2,10.29
261,Port Hedland,0,AU,1595626268,43,-20.32,118.57,55.4,10.29
262,Diego de Almagro,0,CL,1595626268,36,-26.37,-70.05,52.65,7.76
263,Poum,13,NC,1595626083,83,-20.23,164.02,73.9,14.61
264,Kirakira,29,SB,1595626268,78,-10.45,161.92,82.85,13.58
265,Nkowakowa,11,ZA,1595626268,61,-23.89,30.29,46.4,8.05
266,Charter Township of Clinton,40,US,1595626107,54,42.59,-82.92,86,8.05
267,Valparaíso,0,CL,1595626191,54,-33.04,-71.63,60.8,5.82
268,Kasongo-Lunda,80,CD,1595626268,31,-6.47,16.82,69.96,0.87
269,São João da Barra,0,BR,1595626065,78,-21.64,-41.05,73.4,11.41
270,Pemba,18,MZ,1595626269,70,-12.97,40.52,72.1,14.67
271,Kathmandu,75,NP,1595626269,100,27.72,85.32,69.8,2.24
272,Bilma,1,NE,1595626269,16,18.69,12.92,86.52,2.15
273,Machalí,1,CL,1595626269,47,-34.18,-70.67,57.2,5.82
274,Cabo San Lucas,5,MX,1595626115,58,22.89,-109.91,93,11.41
275,Vao,93,NC,1595626269,81,-22.67,167.48,71.19,19.82
276,Cap Malheureux,26,MU,1595626269,50,-19.98,57.61,68,8.99
277,Sawākin,81,SD,1595626269,53,19.11,37.33,89.53,4.27
278,Da Lat,99,VN,1595626024,100,11.95,108.44,59.58,0.09
279,Valle de Bravo,75,MX,1595626269,49,19.18,-100.13,69.8,16.11
280,Tazovsky,0,RU,1595626270,80,67.47,78.7,46.94,10.2
281,Koani,20,TZ,1595626270,73,-6.13,39.28,75.2,8.05
282,Harper,77,LR,1595626270,85,4.38,-7.72,75.56,10.42
283,Hirara,100,JP,1595626270,79,24.8,125.28,84.97,11.36
284,Kyren,100,RU,1595626270,81,51.68,102.14,57.79,1.03
285,Faanui,0,PF,1595626270,77,-16.48,-151.75,77.38,20.54
286,Kollam,40,IN,1595626270,88,8.88,76.6,78.8,3.31
287,Effingham County,40,US,1595626038,55,32.37,-81.33,89.6,6.93
288,Rockhampton,90,AU,1595626270,93,-23.38,150.5,57.2,2.91
289,Mahébourg,75,MU,1595626270,56,-20.41,57.7,68,16.11
290,Payo,54,ID,1595626270,95,-3.75,103.64,70.38,1.7
291,Szászvár,100,HU,1595626270,82,46.28,18.38,66.79,4.36
292,Uyuni,0,BO,1595626271,41,-20.46,-66.83,41.94,14.79
293,Envira,66,BR,1595626271,75,-7.3,-70.22,82.02,1.01
294,Forsytheganj,100,BY,1595626271,74,52.63,29.73,55.24,7.2
295,Mount Gambier,54,AU,1595626271,93,-37.83,140.77,35.6,4.76
296,Sanguéya,100,GN,1595626271,95,10.7,-14.37,75.52,4.65
297,Koungou,27,YT,1595626271,61,-12.73,45.2,77,19.46
298,Alcúdia,8,ES,1595626271,65,39.85,3.12,78.8,3.36
299,Bahía Blanca,33,AR,1595625983,65,-38.72,-62.27,41.81,10.42
300,Manggar,65,ID,1595626271,81,-2.88,108.27,79.65,11.65
301,Pāthri,73,IN,1595626272,89,19.25,76.45,75.34,5.64
302,Sobolevo,33,RU,1595626071,86,54.43,31.9,51.42,5.77
303,Kloulklubed,97,PW,1595626272,74,7.04,134.26,84.65,11.52
304,Ambilobe,88,MG,1595626272,55,-13.2,49.05,70.84,4.72
305,Aklavik,75,CA,1595626272,48,68.22,-135.01,66.2,3.36
306,Kupino,99,RU,1595626272,95,54.37,77.3,59.32,2.91
307,Statesboro,1,US,1595626272,55,32.45,-81.78,89.6,6.93
308,Kiryat Gat,0,IL,1595626272,61,31.61,34.76,80.01,3.49
309,Hearst,34,CA,1595626272,33,49.68,-83.67,84.47,9.75
310,Touros,20,BR,1595626272,78,-5.2,-35.46,77,6.93
311,Villazón,0,BO,1595626273,25,-22.09,-65.59,46.4,21.25
312,Nishihara,40,JP,1595626273,88,26.18,127.76,82.4,5.82
313,Cidreira,100,BR,1595626273,81,-30.18,-50.21,64.09,2.64
314,Saint-Pierre,90,RE,1595626035,63,-21.34,55.48,66.2,11.41
315,Wagar,100,SD,1595626273,44,16.15,36.2,88.39,19.01
316,Peddapalli,96,IN,1595626273,87,18.62,79.37,75.76,4.09
317,Azle,75,US,1595626273,37,32.9,-97.55,98.6,9.17
318,Bokoro,37,TD,1595626273,60,12.38,17.06,82.2,3.58
319,Saint George,75,US,1595626115,26,37.1,-113.58,91.4,8.05
320,Mizdah,0,LY,1595626273,44,31.45,12.98,73.45,9.62
321,Port Blair,36,IN,1595626274,78,11.67,92.75,81.21,4.12
322,Jalesar,75,IN,1595626274,69,27.48,78.32,85.75,8.93
323,Dargaville,20,NZ,1595626274,63,-35.93,173.88,54.68,8.19
324,Ludvika,40,SE,1595626274,76,60.15,15.19,51.01,5.82
325,Vilhena,61,BR,1595626274,40,-12.74,-60.15,81.43,2.91
326,Tuatapere,100,NZ,1595626274,85,-46.13,167.68,46.6,6.67
327,Mabay,92,PH,1595626274,77,6.06,124.47,77.83,4.5
328,Sicuani,100,PE,1595626274,34,-14.27,-71.23,56.82,12.53
329,Kudahuvadhoo,100,MV,1595626274,72,2.67,72.89,82.58,7.85
330,Sungai Penuh,98,ID,1595626274,95,-2.08,101.38,63.99,2.66
331,Paciran,100,ID,1595626275,84,-6.88,112.38,72.41,8.93
332,Shingū,100,JP,1595626275,95,33.73,135.98,75.18,5.68
333,Hasaki,75,JP,1595626275,100,35.73,140.83,75.2,1.12
334,Clarence Town,0,AU,1595626275,93,-32.58,151.78,48.99,3.4
335,Shimoda,100,JP,1595626096,95,34.67,138.95,72,1.01
336,Mlonggo,100,ID,1595626275,78,-6.53,110.7,73.67,7.56
337,Clyde River,40,CA,1595626275,76,70.47,-68.59,51.8,4.7
338,Vila Velha,75,BR,1595626275,73,-20.33,-40.29,77,4.7
339,Iqaluit,75,CA,1595626275,81,63.75,-68.51,48.2,4.7
340,Hamilton,1,US,1595626231,45,39.18,-84.53,90,8.05
341,Tūkrah,0,LY,1595626276,84,32.53,20.58,75.96,5.23
342,Homer,90,US,1595626276,93,59.64,-151.55,55.99,5.82
343,Margate,78,GB,1595626129,82,51.38,1.39,66,3
344,Lata,0,PT,1595626276,74,40.16,-8.33,68,5.01
345,Phan Thiet,47,VN,1595626276,86,10.93,108.1,75.33,3.6
346,Kaitangata,73,NZ,1595626276,54,-46.28,169.85,50,11.01
347,Plymouth,1,US,1595626257,61,41.83,-70.83,81,5.82
348,Saint-Augustin,29,CA,1595626276,66,51.23,-58.65,68.18,14.61
349,Kahului,20,US,1595626276,55,20.89,-156.47,87.8,27.51
350,Ust-Kuyga,0,RU,1595626276,48,70.02,135.6,76.86,2.48
351,Abilene,75,US,1595626277,36,32.45,-99.73,96.8,10.29
352,Sitārganj,23,IN,1595626277,79,28.93,79.7,78.87,4.68
353,Yulara,0,AU,1595626277,75,-25.24,130.99,41,10.29
354,Maumere,57,ID,1595626277,73,-8.62,122.21,74.53,8.37
355,Batman,8,TR,1595626277,39,37.89,41.13,80.6,9.17
356,Namatanai,0,PG,1595626277,77,-3.67,152.43,81.97,8.39
357,Ilhabela,0,BR,1595626277,76,-23.78,-45.36,70.23,5.28
358,Gōtsuchō,30,JP,1595626277,87,35,132.22,74.41,5.08
359,Conde,40,BR,1595626277,83,-7.26,-34.91,75.2,10.29
360,Avera,1,US,1595626277,46,33.19,-82.53,93.2,4.7
361,Gull Lake,75,CA,1595626278,57,50.1,-108.48,75.2,6.93
362,Krasnovishersk,19,RU,1595626278,70,60.41,57.08,53.83,2.93
363,Senneterre,75,CA,1595626278,36,48.38,-77.23,80.6,3.36
364,College,90,US,1595626278,55,64.86,-147.8,64.4,3.36
365,Lorengau,48,PG,1595626278,79,-2.02,147.27,83.5,10.47
366,Sakakah,0,SA,1595626278,12,29.97,40.21,95,9.82
367,Lompoc,10,US,1595626278,64,34.64,-120.46,69.8,13.87
368,Anadyr,54,RU,1595626278,48,64.75,177.48,64.4,13.42
369,Torbay,90,CA,1595626105,100,47.67,-52.73,57,4.7
370,Krasnosel'kup,36,RU,1595626279,76,65.7,82.47,49.33,9.51
371,Saldanha,0,ZA,1595626067,61,-33.01,17.94,50,2.24
372,Suvorovskaya,73,RU,1595626279,28,44.19,42.65,80.6,6.71
373,Benguela,48,AO,1595626279,81,-12.58,13.41,70.47,7.09
374,Shebunino,22,RU,1595626279,77,46.43,141.86,58.23,4.65
375,Port-Cartier,75,CA,1595626279,47,50.03,-66.87,77,12.75
376,Los Llanos de Aridane,13,ES,1595626279,78,28.66,-17.92,71.6,17.22
377,Honningsvåg,9,NO,1595626092,87,70.98,25.97,55.4,4.7
378,Kadapa,100,IN,1595626279,85,14.47,78.82,76.68,3.47
379,Veseloyarsk,11,RU,1595626280,92,51.28,81.11,62.37,8.9
380,Yuncheng,100,CN,1595626280,86,35.02,110.99,69.82,0.85
381,Parabel',85,RU,1595626280,83,58.7,81.48,51.75,0.89
382,Coruripe,50,BR,1595626280,74,-10.13,-36.18,73.29,10.51
383,Kidal,86,ML,1595626280,52,18.44,1.41,85.37,19.93
384,Coyhaique,90,CL,1595626280,84,-45.58,-72.07,41,4.7
385,Batagay,100,RU,1595626072,44,67.63,134.63,73.89,2.98
386,Fortuna,20,US,1595626280,72,40.6,-124.16,68,11.41
387,Colesberg,0,ZA,1595626281,51,-30.72,25.1,42.82,4.05
388,Sydney,20,AU,1595626024,93,-33.87,151.21,50,5.82
389,Muzhi,10,RU,1595626281,89,65.37,64.67,49.57,4.32
390,Dicabisagan,8,PH,1595626281,77,17.08,122.42,79.47,3.87
391,Samarai,31,PG,1595626281,86,-10.62,150.67,79.47,13.04
392,Armizonskoye,15,RU,1595626281,74,55.95,67.67,52.75,7.07
393,Golynki,51,RU,1595626281,86,54.87,31.39,52.07,7
394,Saint Paul Harbor,90,US,1595626281,93,57.79,-152.41,55.4,5.82
395,Atagay,39,RU,1595626281,79,55.1,99.39,49.75,3.33
396,Cangzhou,78,CN,1595626281,48,38.32,116.87,78.04,5.03
397,Champerico,40,GT,1595626281,66,14.3,-91.92,89.6,6.93
398,Guerrero Negro,0,MX,1595626282,55,27.98,-114.06,74.62,17.02
399,Wanning,74,CN,1595626282,82,18.8,110.4,80.38,6.02
400,Haines Junction,96,CA,1595626282,48,60.75,-137.51,61.54,9.22
401,Nanortalik,100,GL,1595626282,90,60.14,-45.24,45.88,9.06
402,Guiyang,90,CN,1595626234,83,26.58,106.72,75.2,8.95
403,Giyani,36,ZA,1595626282,85,-23.3,30.72,55.44,7.94
404,Tautira,20,PF,1595626282,65,-17.73,-149.15,80.6,5.82
405,Ginir,16,ET,1595626282,94,7.13,40.7,58.5,11.9
406,Flin Flon,75,CA,1595626282,58,54.77,-101.86,84.2,5.82
407,Mazagão,75,BR,1595626085,100,-0.12,-51.29,80.6,3.36
408,Huron,1,US,1595626282,59,41.15,-82.55,82,1.01
409,Sabha,0,LY,1595626283,21,27.04,14.43,81.54,9.24
410,Bilibino,5,RU,1595626283,55,68.05,166.44,75.9,6.4
411,Henties Bay,0,NA,1595626083,19,-22.12,14.28,71.01,5.01
412,Churapcha,72,RU,1595626283,51,62,132.43,70.66,7.4
413,Necochea,91,AR,1595626283,88,-38.55,-58.74,39.99,15.01
414,Isiro,77,CD,1595626283,96,2.77,27.62,66.85,0.74
415,Barranca,39,PE,1595626283,77,-10.75,-77.77,63.3,12.26
416,Christchurch,0,NZ,1595626246,100,-43.53,172.63,48,3.36
417,Kavaratti,100,IN,1595626283,85,10.57,72.64,79.99,17.63
418,Tura,100,IN,1595626283,95,25.52,90.22,73.87,4.07
419,Brandfort,0,ZA,1595626284,64,-28.7,26.46,33.8,5.82
420,Orsha,75,BY,1595626284,77,54.52,30.41,53.28,7.74
421,Bowen,40,AU,1595626284,93,-20.02,148.23,66,7.05
422,Departamento de Maldonado,75,UY,1595626106,76,-34.67,-54.92,48.2,10.29
423,Qeshm,4,IR,1595626284,75,26.96,56.27,89.6,9.17
424,Sonta,40,RS,1595626284,88,45.59,19.1,68,6.93
425,Scarborough,100,GB,1595626213,81,54.28,-0.4,59,1.01
426,Santa Catarina de Tepehuanes,93,MX,1595626284,38,25.35,-105.73,79.48,1.36
427,Le Port,20,RE,1595626284,55,-20.94,55.29,66.2,13.87
428,Twin Falls,1,US,1595626284,25,42.56,-114.46,86,6.93
429,Yangi Marg`ilon,55,UZ,1595626284,41,40.43,71.72,78.8,9.17
430,Nguruka,23,TZ,1595626285,50,-5.11,31.04,63.73,3.29
431,Kikwit,48,CD,1595626002,30,-5.04,18.82,78.55,1.32
432,Bend,1,US,1595626285,14,44.06,-121.32,82.4,13.87
433,Tayshet,32,RU,1595626285,78,55.93,98,48.13,2.57
434,Orhangazi,0,TR,1595626285,72,40.49,29.31,69.8,2.24
435,Inírida,32,CO,1595626285,82,3.87,-67.92,79,2.53
436,Sanandij,1,IR,1595626285,37,35.31,46.99,71.69,3.2
437,Smolenskoye,100,RU,1595626285,79,52.3,85.08,63.61,4.65
438,Akureyri,75,IS,1595626186,65,65.68,-18.09,46.4,8.05
439,Rondonópolis,8,BR,1595626286,25,-16.47,-54.64,80.24,3.87
440,Mayo,1,US,1595626070,74,38.89,-76.51,84.99,9.17
441,Majene,66,ID,1595626286,87,-3.54,118.97,74.84,10.63
442,Ilām,99,NP,1595626286,92,26.92,87.92,65.44,2.51
443,Madanapalle,100,IN,1595626266,88,13.55,78.5,71.89,6.8
444,Takoradze,42,GH,1595626286,86,4.88,-1.76,75.6,9.95
445,Kyshtovka,8,RU,1595626286,91,56.55,76.63,53.55,3.78
446,Norman Wells,20,CA,1595626286,40,65.28,-126.83,69.8,12.75
447,Novopokrovka,60,UA,1595626286,67,49.84,36.55,62.6,4.47
448,Coahuayana Viejo,90,MX,1595626286,74,18.73,-103.68,82.4,11.41
449,Chicama,39,PE,1595626286,72,-7.84,-79.15,66.79,10.47
450,Huaihua,100,CN,1595626286,88,27.55,109.96,76.64,1.77
451,Mponela,40,MW,1595626286,82,-13.53,33.74,53.98,7.92
452,Muroto-misakicho,100,JP,1595626287,86,33.28,134.15,79.61,25.17
453,Karratha,0,AU,1595626287,46,-20.74,116.85,65.71,12.35
454,Leningradskiy,99,RU,1595626287,68,69.38,178.42,47.07,12.73
455,Puerto Escondido,40,MX,1595626287,70,15.85,-97.07,84.2,10.29
456,Khorixas,0,NA,1595626287,33,-20.37,14.97,59.54,9.17
457,Morón,0,AR,1595626287,58,-34.65,-58.62,50,4
458,Wynyard,100,AU,1595626287,91,-41,145.72,37.99,5.01
459,Pemangkat,100,ID,1595626287,90,1.17,108.97,75.72,3.51
460,Prince Albert,20,CA,1595626287,57,53.2,-105.77,77,12.75
461,Fredericksburg,75,US,1595626228,70,38.3,-77.46,84.2,9.17
462,Marsh Harbour,0,BS,1595626288,73,26.54,-77.06,83.44,15.01
463,Martapura,94,ID,1595626288,88,-3.42,114.85,73.4,3.36
464,Lewistown,40,US,1595626288,55,40.6,-77.57,87.8,3.36
465,Yinchuan,100,CN,1595626235,77,38.47,106.27,70.72,3.98
466,Sandwick,57,GB,1595626053,82,60,-1.25,55.4,9.17
467,Cayenne,97,GF,1595626083,66,4.93,-52.33,86,10.29
468,Sioux Lookout,75,CA,1595626288,58,50.1,-91.92,87.8,13.87
469,Kasama,0,ZM,1595626288,83,-10.21,31.18,47.68,4.83
470,Adrar,10,MR,1595626288,16,20.5,-10.07,98.8,4.09
471,Yumen,0,CN,1595626046,42,40.28,97.2,67.3,11.03
472,Mahon,0,ES,1595626288,73,39.89,4.27,73.4,3.36
473,Vila Franca do Campo,40,PT,1595626289,73,37.72,-25.43,69.8,3.36
474,Whyalla,0,AU,1595626243,100,-33.03,137.58,41,5.82
475,Evanston,1,US,1595626289,58,42.04,-87.69,84,9.17
476,Hindoria,52,IN,1595626289,81,23.9,79.57,77,1.97
477,Kui Buri,86,TH,1595626289,83,12.08,99.85,78.94,4.36
478,Gamba,100,GA,1595626057,81,-2.65,10,72.95,7.29
479,Conceição do Araguaia,67,BR,1595626289,40,-8.26,-49.26,82.89,3.49
480,São Gabriel da Cachoeira,58,BR,1595626289,87,-0.13,-67.09,79.83,1.43
481,Mahon,0,ES,1595626288,73,39.89,4.27,73.4,3.36
482,Pachino,0,IT,1595626289,53,36.72,15.09,75,3.36
483,Thunder Bay,90,CA,1595626290,57,48.4,-89.32,77,13.87
484,Itapuranga,5,BR,1595626290,34,-15.56,-49.95,72.57,5.14
485,Nikolayevka,29,RU,1595626290,79,53.13,47.2,54.73,4
486,Port Moresby,40,PG,1595626290,100,-9.44,147.18,75.2,3.36
487,Praia,75,CV,1595626105,78,14.92,-23.51,80.6,11.41
488,Tiarei,20,PF,1595626089,65,-17.53,-149.33,80.6,5.82
489,Mongo,83,TD,1595626290,73,12.18,18.69,77.32,1.97
490,Pierre,20,US,1595626251,41,44.37,-100.35,96.8,17.22
491,Constitución,0,CL,1595626290,72,-35.33,-72.42,48.29,5.48
492,Black River,20,JM,1595626291,70,18.03,-77.85,87.8,16.11
493,Ketchikan,90,US,1595626085,77,55.34,-131.65,59,9.17
494,Talara,42,PE,1595626291,86,-4.58,-81.27,64.22,20.54
495,Flinders,84,AU,1595626291,92,-34.58,150.86,51.01,1.99
496,Jablah,0,SY,1595626291,83,35.36,35.93,77,4.7
497,Santa Cruz do Rio Pardo,0,BR,1595626291,52,-22.9,-49.63,67.73,5.41
498,Praia,75,CV,1595626105,78,14.92,-23.51,80.6,11.41
499,Bandarbeyla,3,SO,1595626291,81,9.49,50.81,75.49,28.97
500,Meulaboh,91,ID,1595626291,89,4.14,96.13,75.78,4.07
501,Acará,87,BR,1595626291,74,-1.96,-48.2,79.29,2.75
502,Boa Vista,40,BR,1595626291,58,2.82,-60.67,86,8.05
503,Ottawa,40,CA,1595626190,35,45.41,-75.7,84.99,4.7
504,San Luis Potosí,75,MX,1595626292,28,22.5,-100.5,80.6,8.05
505,Hualmay,29,PE,1595626061,70,-11.1,-77.61,66.15,13.98
506,Magadan,90,RU,1595626292,78,59.57,150.8,57.31,5.75
507,Sindou,99,BF,1595626292,86,10.67,-5.17,75.85,2.17
508,Longonjo,1,AO,1595626292,42,-12.91,15.25,52.23,1.16
509,Rio Brilhante,0,BR,1595626292,40,-21.8,-54.55,76.46,3.96
510,Vigeland,59,NO,1595626292,80,58.08,7.3,57,15.99
511,Río Gallegos,40,AR,1595626281,93,-51.62,-69.22,37.4,11.41
512,Nanga Eboko,96,CM,1595626292,97,4.68,12.37,68.36,3.8
513,Valdivia,90,CL,1595626293,93,-39.81,-73.25,48.2,2.24
514,Sambava,88,MG,1595626293,73,-14.27,50.17,69.89,17.6
515,Shihezi,0,CN,1595626293,29,44.3,86.03,77.4,3.18
516,Zhangjiakou Shi Xuanhua Qu,75,CN,1595626293,49,40.61,115.04,74.21,0.6
517,Stokmarknes,75,NO,1595626293,82,68.56,14.91,57.99,8.05
518,Shiraoi,75,JP,1595626293,93,42.55,141.35,66.2,3.36
519,Saint-Alexandre,1,FR,1595626293,41,44.23,4.62,75.99,3.36
520,Bereda,3,ES,1595626293,85,43.27,-7.54,63,4
521,Porto Walter,31,BR,1595626293,61,-8.27,-72.74,85.19,2.98
522,Grand Gaube,32,MU,1595626293,50,-20.01,57.66,68,8.99
523,Aswān,11,EG,1595626294,18,24.09,32.91,90.88,10.09
524,Davila,100,PH,1595626294,79,18.47,120.58,81.77,7.36
525,Marzuq,34,YE,1595626294,60,14.4,46.47,79.77,7.74
526,Sisimiut,92,GL,1595626294,83,66.94,-53.67,48.74,4.7
527,Xiaoweizhai,95,CN,1595626294,93,26.19,107.51,69.96,4.07
528,Mount Isa,0,AU,1595626065,66,-20.73,139.5,48.2,11.05
529,High Level,75,CA,1595626294,56,58.52,-117.14,69.8,8.05
530,Srednekolymsk,65,RU,1595626294,32,67.45,153.68,82.45,6.71
531,Lindi,40,TZ,1595626294,78,-10,39.72,73.4,11.41
532,Mogadishu,56,SO,1595626294,76,2.04,45.34,77.07,22.1
533,Singaparna,92,ID,1595626294,89,-7.35,108.11,68.23,1.97
534,Waingapu,29,ID,1595626295,80,-9.66,120.26,69.39,8.81
535,Katherine,40,AU,1595626295,59,-14.47,132.27,62.6,5.82
536,Inzer,100,RU,1595626295,91,54.22,57.56,58.73,2.17
537,Kieta,100,PG,1595626295,78,-6.22,155.63,82.17,6.85
538,Palmer,75,US,1595626295,51,42.16,-72.33,82.99,3
539,Shamkhal,20,RU,1595626295,78,43.06,47.34,75,2.24
540,Juneau,90,US,1595626261,82,58.3,-134.42,57.99,12.75
541,Seoul,90,KR,1595626118,69,37.57,126.98,73.4,3.36
542,Atbasar,60,KZ,1595626295,90,51.8,68.33,62.08,2.55
543,Leh,0,IN,1595626295,36,34.17,77.58,60.96,4.12
544,Cairo,0,EG,1595626084,65,30.06,31.25,82.4,11.41
545,Bangkalan,100,ID,1595626296,83,-7.05,112.74,73.44,6.44
546,Catalão,0,BR,1595626296,51,-18.17,-47.95,66.94,7.72
547,Launceston,100,AU,1595626041,86,-41.45,147.17,39.99,5.82
548,Sitka,90,US,1595626082,82,57.05,-135.33,59,8.05
549,Grafton,1,US,1595626060,54,42.21,-71.69,84,5.82
550,Sault Ste. Marie,1,CA,1595626296,42,46.52,-84.33,82.4,10.29
551,Vidim,0,RU,1595626296,84,56.41,103.11,48.31,2.86
552,Mwinilunga,0,ZM,1595626296,49,-11.74,24.43,50.86,4.43
553,Deputatsky,96,RU,1595626296,35,69.3,139.9,73.22,1.36
554,La Serena,0,CL,1595626098,67,-29.91,-71.25,57.2,12.75
555,Quatre Cocos,75,MU,1595626297,56,-20.21,57.76,68,16.11
556,Karlstad,0,SE,1595626297,87,59.38,13.5,55,3.36
557,Lumby,90,CA,1595626297,87,50.25,-118.97,60.01,18.34
558,Wamba,99,NG,1595626297,91,8.93,8.6,73.02,2.64